files,deepvis_time,deepvis_fps,aide_time,aide_fps,speedup
10000,0.182173490524292,54305.376548081316,3.587527275085449,2787.4352536488564,19.69291615789219
50000,2.495206832885742,16405.052863958073,14.714410543441772,3398.0294251260407,5.897070475085365
71436,1.4825716018676758,42064.072940179045,10.943396091461182,6527.772494293565,7.381360925620855
