grid_size,total_files,unique_pixels,total_pixels,collision_rate,grid_saturation,avg_collisions,max_collisions,memory_mb
64,71437,4096,4096,94.26627657936363,100.0,17.440673828125,33,0.046875
128,71437,16175,16384,77.35767179472822,98.724365234375,4.416506955177743,14,0.1875
256,71437,43635,65536,38.91820765149713,66.58172607421875,1.637149077575341,8,0.75
