{"threshold": 0.9516821367115633, "results": [{"file": "kmod_debug.ko", "entropy": 0.5215458253943103, "size": 483584, "score": 0.8725988253247999, "detected": false}, {"file": "libsystem_core.so", "entropy": 0.3672340757849827, "size": 44392, "score": 0.7133891385555589, "detected": false}, {"file": "syslog-daemon", "entropy": 0.881789379067971, "size": 2731288, "score": 0.9880189477933529, "detected": true}, {"file": "w.procps", "entropy": 0.2191510629912306, "size": 22760, "score": 0.6688535882670789, "detected": false}]}